{"cameraMode":{"drawMode":0,"name":"Shaded","section":"Shading Mode"},"sceneLighting":false,"audioPlay":false,"sceneViewState":{"showFog":false,"showMaterialUpdate":false,"showSkybox":true,"showFlares":false,"showImageEffects":false,"showParticleSystems":false},"in2DMode":false,"pivot":{"x":678.2044677734375,"y":193.506103515625,"z":72.7305908203125},"rotation":{"x":0.048269037157297137,"y":0.02995550073683262,"z":-0.001447870396077633,"w":0.9983857274055481},"size":396.9898376464844,"orthographic":false}