{"cameraMode":{"drawMode":0,"name":"Shaded","section":"Shading Mode"},"sceneLighting":false,"audioPlay":false,"sceneViewState":{"showFog":false,"showMaterialUpdate":false,"showSkybox":true,"showFlares":false,"showImageEffects":false,"showParticleSystems":false},"in2DMode":false,"pivot":{"x":483.943115234375,"y":285.2703857421875,"z":73.38104248046875},"rotation":{"x":0.009309286251664162,"y":0.002994789741933346,"z":-0.00002749795930867549,"w":0.9999536871910095},"size":414.8543701171875,"orthographic":false}