{"cameraMode":{"drawMode":0,"name":"Shaded","section":"Shading Mode"},"sceneLighting":false,"audioPlay":false,"sceneViewState":{"showFog":false,"showMaterialUpdate":false,"showSkybox":true,"showFlares":false,"showImageEffects":false,"showParticleSystems":false},"in2DMode":false,"pivot":{"x":3.7715749740600588,"y":0.7056312561035156,"z":-3.264291763305664},"rotation":{"x":-0.05259862542152405,"y":0.9464157819747925,"z":-0.20202776789665223,"w":-0.24640244245529176},"size":10.0,"orthographic":false}